{"cameraMode":{"drawMode":0,"name":"Shaded","section":"Shading Mode"},"sceneLighting":false,"audioPlay":false,"sceneViewState":{"m_AlwaysRefresh":false,"showFog":true,"showSkybox":false,"showFlares":true,"showImageEffects":true,"showParticleSystems":true,"showVisualEffectGraphs":true,"m_FxEnabled":true},"in2DMode":false,"pivot":{"x":-0.00341150164604187,"y":0.014175999909639359,"z":0.036919500678777698},"rotation":{"x":-0.31958791613578799,"y":0.5136370062828064,"z":-0.21402804553508759,"w":-0.7669695615768433},"size":0.07483194768428803,"orthographic":false}