{"cameraMode":{"drawMode":0,"name":"Shaded","section":"Shading Mode"},"sceneLighting":false,"audioPlay":false,"sceneViewState":{"m_AlwaysRefresh":false,"showFog":true,"showSkybox":false,"showFlares":true,"showImageEffects":true,"showParticleSystems":true,"showVisualEffectGraphs":true,"m_FxEnabled":true},"in2DMode":false,"pivot":{"x":0.01961049810051918,"y":-0.06263849884271622,"z":0.03387100249528885},"rotation":{"x":-0.31958791613578799,"y":0.5136370062828064,"z":-0.21402804553508759,"w":-0.7669695615768433},"size":0.06071901321411133,"orthographic":false}