{"cameraMode":{"drawMode":0,"name":"Shaded","section":"Shading Mode"},"sceneLighting":false,"audioPlay":false,"sceneViewState":{"m_AlwaysRefresh":false,"showFog":true,"showSkybox":false,"showFlares":true,"showImageEffects":true,"showParticleSystems":true,"showVisualEffectGraphs":true,"m_FxEnabled":true},"in2DMode":false,"pivot":{"x":-0.12901313602924348,"y":0.03930509090423584,"z":0.15822066366672517},"rotation":{"x":-0.23332194983959199,"y":0.7033213973045349,"z":-0.2661876082420349,"w":-0.6164861917495728},"size":0.15966202318668366,"orthographic":false}