{"cameraMode":{"drawMode":0,"name":"Shaded","section":"Shading Mode"},"sceneLighting":false,"audioPlay":false,"sceneViewState":{"m_AlwaysRefresh":false,"showFog":true,"showSkybox":false,"showFlares":true,"showImageEffects":true,"showParticleSystems":true,"showVisualEffectGraphs":true,"m_FxEnabled":true},"in2DMode":false,"pivot":{"x":0.00532299280166626,"y":0.9522754549980164,"z":0.0705479085445404},"rotation":{"x":-0.24635004997253419,"y":0.15675732493400575,"z":-0.04041298106312752,"w":-0.9555707573890686},"size":1.0127381086349488,"orthographic":false}